,MOFname,Phi_HEA,poreV_OSE,Phi_void,Phi_acc
0,mof_unit_68613,18.666666666666668,0.10929375253843135,33.91304314136505,8.347826451063156
